"","X1","X2","X3","X4"
"1","RK","NAME","TEAM","SALARY"
"2","1","Kobe Bryant, SF","Los Angeles Lakers","$23,500,000"
"3","2","Joe Johnson, SF","Brooklyn Nets","$23,180,790"
"4","3","Carmelo Anthony, SF","New York Knicks","$22,458,401"
"5","4","Dwight Howard, C","Houston Rockets","$21,436,271"
"6","5","Chris Bosh, PF","Miami Heat","$20,644,400"
"7","6","LeBron James, SF","Cleveland Cavaliers","$20,644,400"
"8","7","Chris Paul, PG","Los Angeles Clippers","$20,068,563"
"9","8","Deron Williams, PG","Brooklyn Nets","$19,754,465"
"10","9","Rudy Gay, SF","Sacramento Kings","$19,317,326"
"11","10","Kevin Durant, SF","Oklahoma City Thunder","$18,995,624"
"12","RK","NAME","TEAM","SALARY"
"13","11","Derrick Rose, PG","Chicago Bulls","$18,862,876"
"14","12","Blake Griffin, PF","Los Angeles Clippers","$17,674,613"
"15","13","Zach Randolph, PF","Memphis Grizzlies","$16,500,000"
"16","14","LaMarcus Aldridge, PF","Portland Trail Blazers","$16,006,000"
"17","15","Paul George, SF","Indiana Pacers","$15,937,290"
"18","16","Marc Gasol, C","Memphis Grizzlies","$15,829,688"
"19","17","Kevin Love, PF","Cleveland Cavaliers","$15,719,063"
"20","18","Russell Westbrook, PG","Oklahoma City Thunder","$15,719,062"
"21","19","Brook Lopez, C","Brooklyn Nets","$15,719,062"
"22","20","David Lee, PF","Golden State Warriors","$15,012,000"
"23","RK","NAME","TEAM","SALARY"
"24","21","Dwyane Wade, SG","Miami Heat","$15,000,000"
"25","22","Roy Hibbert, C","Indiana Pacers","$14,898,938"
"26","23","Eric Gordon, SG","New Orleans Pelicans","$14,898,938"
"27","24","Tyson Chandler, C","Dallas Mavericks","$14,846,888"
"28","25","John Wall, PG","Washington Wizards","$14,746,000"
"29","26","DeMarcus Cousins, PF","Sacramento Kings","$14,746,000"
"30","27","James Harden, SG","Houston Rockets","$14,728,844"
"31","28","Chandler Parsons, SF","Dallas Mavericks","$14,700,000"
"32","29","Al Jefferson, C","Charlotte Hornets","$13,500,000"
"33","30","Nene Hilario, C","Washington Wizards","$13,000,000"
"34","RK","NAME","TEAM","SALARY"
"35","31","Eric Bledsoe, PG","Phoenix Suns","$13,000,000"
"36","32","Andrew Bogut, C","Golden State Warriors","$12,972,973"
"37","33","Derrick Favors, PF","Utah Jazz","$12,950,000"
"38","34","Rajon Rondo, PG","Dallas Mavericks","$12,909,090"
"39","35","Joakim Noah, C","Chicago Bulls","$12,700,000"
"40","36","Tony Parker, PG","San Antonio Spurs","$12,500,000"
"41","37","Serge Ibaka, PF","Oklahoma City Thunder","$12,350,000"
"42","38","Andre Iguodala, SF","Golden State Warriors","$12,289,544"
"43","39","Nikola Pekovic, C","Minnesota Timberwolves","$12,100,000"
"44","40","Kyle Lowry, PG","Toronto Raptors","$12,000,000"
"45","RK","NAME","TEAM","SALARY"
"46","41","Al Horford, C","Atlanta Hawks","$12,000,000"
"47","42","Nicolas Batum, SG","Portland Trail Blazers","$11,765,500"
"48","43","Ty Lawson, PG","Denver Nuggets","$11,595,506"
"49","44","Andrea Bargnani, C","New York Knicks","$11,500,000"
"50","45","DeAndre Jordan, C","Los Angeles Clippers","$11,440,123"
"51","46","Tyreke Evans, SG","New Orleans Pelicans","$11,265,416"
"52","47","JaVale McGee, C","Philadelphia 76ers","$11,250,000"
"53","48","Larry Sanders, C","Milwaukee Bucks","$11,000,000"
"54","49","Danilo Gallinari, SF","Denver Nuggets","$10,854,850"
"55","50","Stephen Curry, PG","Golden State Warriors","$10,629,213"
"56","RK","NAME","TEAM","SALARY"
"57","51","Marcin Gortat, C","Washington Wizards","$10,434,782"
"58","52","Tim Duncan, C","San Antonio Spurs","$10,361,446"
"59","53","Gerald Wallace, SF","Boston Celtics","$10,105,855"
"60","54","DeMar DeRozan, SG","Toronto Raptors","$10,100,000"
"61","55","Jrue Holiday, PG","New Orleans Pelicans","$9,904,495"
"62","56","Luol Deng, SF","Miami Heat","$9,714,461"
"63","57","Anderson Varejao, PF","Cleveland Cavaliers","$9,704,545"
"64","58","Steve Nash, PG","Los Angeles Lakers","$9,701,000"
"65","59","Paul Millsap, PF","Atlanta Hawks","$9,500,000"
"66","60","Thaddeus Young, PF","Brooklyn Nets","$9,410,869"
"67","RK","NAME","TEAM","SALARY"
"68","61","Tiago Splitter, C","San Antonio Spurs","$9,250,000"
"69","62","Jeff Green, SF","Memphis Grizzlies","$9,200,000"
"70","63","Lance Stephenson, SF","Charlotte Hornets","$9,000,000"
"71","64","Jordan Hill, C","Los Angeles Lakers","$9,000,000"
"72","65","Mike Conley, PG","Memphis Grizzlies","$8,694,216"
"73","66","Trevor Ariza, SF","Houston Rockets","$8,579,089"
"74","67","Channing Frye, PF","Orlando Magic","$8,579,088"
"75","68","Marcus Thornton, SF","Phoenix Suns","$8,575,000"
"76","69","Ryan Anderson, PF","New Orleans Pelicans","$8,491,500"
"77","70","Jeremy Lin, PG","Los Angeles Lakers","$8,374,646"
"78","RK","NAME","TEAM","SALARY"
"79","71","Omer Asik, C","New Orleans Pelicans","$8,374,646"
"80","72","Monta Ellis, SG","Dallas Mavericks","$8,360,000"
"81","73","O.J. Mayo, SG","Milwaukee Bucks","$8,000,000"
"82","74","Jeff Teague, PG","Atlanta Hawks","$8,000,000"
"83","75","Dirk Nowitzki, PF","Dallas Mavericks","$7,974,482"
"84","76","Ersan Ilyasova, PF","Milwaukee Bucks","$7,900,000"
"85","77","Tayshaun Prince, SF","Memphis Grizzlies","$7,707,865"
"86","78","Boris Diaw, C","San Antonio Spurs","$7,500,000"
"87","79","Arron Afflalo, SG","Portland Trail Blazers","$7,500,000"
"88","80","Goran Dragic, PG","Phoenix Suns","$7,500,000"
"89","RK","NAME","TEAM","SALARY"
"90","81","Wesley Matthews, SG","Portland Trail Blazers","$7,245,640"
"91","82","Isaiah Thomas, PG","Phoenix Suns","$7,238,606"
"92","83","Avery Bradley, PG","Boston Celtics","$7,191,011"
"93","84","Pau Gasol, C","Chicago Bulls","$7,128,000"
"94","85","Jose Calderon, PG","New York Knicks","$7,097,191"
"95","86","Kyrie Irving, PG","Cleveland Cavaliers","$7,070,730"
"96","87","Manu Ginobili, SG","San Antonio Spurs","$7,000,000"
"97","88","Marvin Williams, PF","Charlotte Hornets","$7,000,000"
"98","89","Amir Johnson, PF","Toronto Raptors","$7,000,000"
"99","90","Brandon Bass, PF","Boston Celtics","$6,900,000"
"100","RK","NAME","TEAM","SALARY"
"101","91","Kevin Martin, SG","Minnesota Timberwolves","$6,792,500"
"102","92","J.J. Redick, SG","Los Angeles Clippers","$6,792,500"
"103","93","Wilson Chandler, SF","Denver Nuggets","$6,757,913"
"104","94","Jason Richardson, SG","Philadelphia 76ers","$6,601,125"
"105","95","J.R. Smith, SG","New York Knicks","$6,515,510"
"106","96","Carl Landry, PF","Sacramento Kings","$6,500,000"
"107","97","Greivis Vasquez, PG","Toronto Raptors","$6,400,000"
"108","98","Derrick Williams, PF","Sacramento Kings","$6,331,404"
"109","99","Jarrett Jack, PG","Brooklyn Nets","$6,300,000"
"110","100","Kyle Korver, SG","Atlanta Hawks","$6,253,521"
"111","RK","NAME","TEAM","SALARY"
"112","101","Landry Fields, SG","Toronto Raptors","$6,250,000"
"113","102","Robin Lopez, C","Portland Trail Blazers","$6,124,729"
"114","103","Jason Thompson, PF","Sacramento Kings","$6,037,500"
"115","104","Gerald Henderson, SG","Charlotte Hornets","$6,000,000"
"116","105","Jodie Meeks, SG","Detroit Pistons","$6,000,000"
"117","106","Chuck Hayes, PF","Toronto Raptors","$5,958,750"
"118","107","Jason Terry, SG","Houston Rockets","$5,850,313"
"119","108","Patrick Patterson, PF","Toronto Raptors","$5,831,326"
"120","109","P.J. Tucker, SF","Phoenix Suns","$5,700,000"
"121","110","Enes Kanter, C","Utah Jazz","$5,694,674"
"122","RK","NAME","TEAM","SALARY"
"123","111","Anthony Davis, PF","New Orleans Pelicans","$5,607,240"
"124","112","Anthony Bennett, PF","Minnesota Timberwolves","$5,563,920"
"125","113","Andrew Wiggins, SG","Minnesota Timberwolves","$5,510,640"
"126","114","Greg Monroe, C","Detroit Pistons","$5,479,934"
"127","115","Louis Williams, SG","Toronto Raptors","$5,450,000"
"128","116","Courtney Lee, SG","Memphis Grizzlies","$5,450,000"
"129","117","Jamal Crawford, SG","Los Angeles Clippers","$5,450,000"
"130","118","Martell Webster, SF","Washington Wizards","$5,381,750"
"131","119","JJ Hickson, C","Denver Nuggets","$5,381,750"
"132","120","Chris Andersen, PF","Miami Heat","$5,375,000"
"133","RK","NAME","TEAM","SALARY"
"134","121","Spencer Hawes, PF","Los Angeles Clippers","$5,305,000"
"135","122","Josh McRoberts, PF","Miami Heat","$5,305,000"
"136","123","Shaun Livingston, PG","Golden State Warriors","$5,305,000"
"137","124","Nikola Mirotic, PF","Chicago Bulls","$5,305,000"
"138","125","Keith Bogans, SG","Philadelphia 76ers","$5,285,817"
"139","126","Zaza Pachulia, C","Milwaukee Bucks","$5,200,000"
"140","127","Tristan Thompson, C","Cleveland Cavaliers","$5,138,430"
"141","128","Michael Kidd-Gilchrist, SF","Charlotte Hornets","$5,016,960"
"142","129","Brandan Wright, PF","Phoenix Suns","$5,000,000"
"143","130","Chase Budinger, SF","Minnesota Timberwolves","$5,000,000"
"144","RK","NAME","TEAM","SALARY"
"145","131","Nick Young, SF","Los Angeles Lakers","$4,994,420"
"146","132","Victor Oladipo, SG","Orlando Magic","$4,978,200"
"147","133","Jabari Parker, PF","Milwaukee Bucks","$4,930,560"
"148","134","Luis Scola, PF","Indiana Pacers","$4,868,499"
"149","135","Tony Allen, SF","Memphis Grizzlies","$4,831,461"
"150","136","Chris Kaman, C","Portland Trail Blazers","$4,800,000"
"151","137","Darren Collison, PG","Sacramento Kings","$4,797,664"
"152","138","Kostas Papanikolaou, SF","Houston Rockets","$4,797,664"
"153","139","Corey Brewer, SG","Minnesota Timberwolves","$4,702,500"
"154","140","Ricky Rubio, PG","Minnesota Timberwolves","$4,660,479"
"155","RK","NAME","TEAM","SALARY"
"156","141","Andre Miller, PG","Washington Wizards","$4,650,000"
"157","142","Timofey Mozgov, C","Denver Nuggets","$4,650,000"
"158","143","Bradley Beal, SG","Washington Wizards","$4,505,280"
"159","144","Caron Butler, SF","Detroit Pistons","$4,500,000"
"160","145","Jonas Jerebko, PF","Detroit Pistons","$4,500,000"
"161","146","Otto Porter Jr., SF","Washington Wizards","$4,470,480"
"162","147","Joel Embiid, C","Philadelphia 76ers","$4,427,640"
"163","148","Luc Richard Mbah a Moute, PF","Philadelphia 76ers","$4,382,576"
"164","149","Jared Dudley, SG","Milwaukee Bucks","$4,250,000"
"165","150","Kris Humphries, PF","Washington Wizards","$4,250,000"
"166","RK","NAME","TEAM","SALARY"
"167","151","C.J. Miles, SF","Indiana Pacers","$4,205,000"
"168","152","Thabo Sefolosha, SG","Atlanta Hawks","$4,150,000"
"169","153","Dion Waiters, SG","Oklahoma City Thunder","$4,062,000"
"170","154","Samuel Dalembert, C","New York Knicks","$4,051,527"
"171","155","Cody Zeller, PF","Charlotte Hornets","$4,030,560"
"172","156","Danny Green, SG","San Antonio Spurs","$4,025,000"
"173","157","Mario Chalmers, PG","Miami Heat","$4,000,000"
"174","158","Ian Mahinmi, C","Indiana Pacers","$4,000,000"
"175","159","Aaron Gordon, PF","Orlando Magic","$3,992,040"
"176","160","Mo Williams, PG","Charlotte Hornets","$3,965,074"
"177","RK","NAME","TEAM","SALARY"
"178","161","Vince Carter, SG","Memphis Grizzlies","$3,911,981"
"179","162","Kevin Seraphin, C","Washington Wizards","$3,898,692"
"180","163","Devin Harris, PG","Dallas Mavericks","$3,878,896"
"181","164","Bismack Biyombo, C","Charlotte Hornets","$3,873,398"
"182","165","Patty Mills, PG","San Antonio Spurs","$3,842,105"
"183","166","Joel Anthony, C","Detroit Pistons","$3,800,000"
"184","167","Raymond Felton, PG","Dallas Mavericks","$3,793,693"
"185","168","Jonas Valanciunas, C","Toronto Raptors","$3,678,360"
"186","169","Thomas Robinson, PF","Portland Trail Blazers","$3,678,360"
"187","170","Marreese Speights, C","Golden State Warriors","$3,657,500"
"188","RK","NAME","TEAM","SALARY"
"189","171","Alex Len, C","Phoenix Suns","$3,649,920"
"190","172","Dante Exum, PG","Utah Jazz","$3,615,000"
"191","173","Brandon Knight, PG","Phoenix Suns","$3,553,917"
"192","174","Gerald Green, SG","Phoenix Suns","$3,500,000"
"193","175","Darrell Arthur, PF","Denver Nuggets","$3,457,149"
"194","176","Steve Novak, SF","Utah Jazz","$3,445,947"
"195","177","Matt Barnes, SF","Los Angeles Clippers","$3,396,250"
"196","178","Mirza Teletovic, PF","Brooklyn Nets","$3,368,100"
"197","179","Damian Lillard, PG","Portland Trail Blazers","$3,340,920"
"198","180","Mike Scott, PF","Atlanta Hawks","$3,333,333"
"199","RK","NAME","TEAM","SALARY"
"200","181","Tyler Hansbrough, PF","Toronto Raptors","$3,326,235"
"201","182","Andrei Kirilenko, SF","Brooklyn Nets","$3,326,235"
"202","183","Mike Dunleavy, SG","Chicago Bulls","$3,326,235"
"203","184","Nerlens Noel, PF","Philadelphia 76ers","$3,315,120"
"204","185","Marcus Smart, PG","Boston Celtics","$3,283,320"
"205","186","Alexey Shved, PG","Philadelphia 76ers","$3,282,056"
"206","187","Jason Smith, PF","New York Knicks","$3,278,000"
"207","188","Evan Turner, SG","Boston Celtics","$3,278,000"
"208","189","Kemba Walker, PG","Charlotte Hornets","$3,272,091"
"209","190","Carlos Boozer, PF","Los Angeles Lakers","$3,251,000"
"210","RK","NAME","TEAM","SALARY"
"211","191","Gary Neal, PG","Charlotte Hornets","$3,250,000"
"212","192","Carlos Delfino, SG","Los Angeles Clippers","$3,250,000"
"213","193","Anthony Morrow, SG","Oklahoma City Thunder","$3,200,000"
"214","194","Dorell Wright, SF","Portland Trail Blazers","$3,150,000"
"215","195","Quincy Pondexter, SF","Memphis Grizzlies","$3,146,068"
"216","196","Chris Copeland, SF","Indiana Pacers","$3,135,000"
"217","197","Klay Thompson, SG","Golden State Warriors","$3,075,880"
"218","198","Harrison Barnes, SF","Golden State Warriors","$3,049,920"
"219","199","Alec Burks, SG","Utah Jazz","$3,034,356"
"220","200","Ben McLemore, SG","Sacramento Kings","$3,026,280"
"221","RK","NAME","TEAM","SALARY"
"222","201","Joel Freeland, C","Portland Trail Blazers","$3,013,512"
"223","202","Kosta Koufos, C","Memphis Grizzlies","$3,000,000"
"224","203","D.J. Augustin, PG","Oklahoma City Thunder","$3,000,000"
"225","204","Randy Foye, SG","Denver Nuggets","$3,000,000"
"226","205","Julius Randle, PF","Los Angeles Lakers","$2,997,360"
"227","206","Markieff Morris, PF","Phoenix Suns","$2,989,239"
"228","207","Furkan Aldemir, PF","Philadelphia 76ers","$2,963,232"
"229","208","Marcus Morris, PF","Phoenix Suns","$2,943,221"
"230","209","Will Bynum, PG","Washington Wizards","$2,915,908"
"231","210","Kawhi Leonard, SF","San Antonio Spurs","$2,894,059"
"232","RK","NAME","TEAM","SALARY"
"233","211","Marco Belinelli, SG","San Antonio Spurs","$2,873,750"
"234","212","Terrence Ross, SF","Toronto Raptors","$2,793,960"
"235","213","Kentavious Caldwell-Pope, SG","Detroit Pistons","$2,772,480"
"236","214","Nikola Vucevic, C","Orlando Magic","$2,751,260"
"237","215","Luke Ridnour, PG","Orlando Magic","$2,750,000"
"238","216","Nik Stauskas, SG","Sacramento Kings","$2,745,840"
"239","217","Brian Roberts, PG","Charlotte Hornets","$2,732,000"
"240","218","Udonis Haslem, PF","Miami Heat","$2,732,000"
"241","219","Jameer Nelson, PG","Denver Nuggets","$2,732,000"
"242","220","Mike Miller, SG","Cleveland Cavaliers","$2,732,000"
"243","RK","NAME","TEAM","SALARY"
"244","221","Kirk Hinrich, SG","Chicago Bulls","$2,732,000"
"245","222","Iman Shumpert, SG","New York Knicks","$2,616,975"
"246","223","Andre Drummond, C","Detroit Pistons","$2,568,360"
"247","224","Trey Burke, PG","Utah Jazz","$2,548,560"
"248","225","Noah Vonleh, PF","Charlotte Hornets","$2,524,200"
"249","226","James Johnson, PF","Toronto Raptors","$2,500,000"
"250","227","DeMarre Carroll, SF","Atlanta Hawks","$2,442,455"
"251","228","Austin Rivers, PG","Los Angeles Clippers","$2,439,840"
"252","229","Shelvin Mack, PG","Atlanta Hawks","$2,433,333"
"253","230","C.J. McCollum, SG","Portland Trail Blazers","$2,421,000"
"254","RK","NAME","TEAM","SALARY"
"255","231","Elfrid Payton, PG","Orlando Magic","$2,397,840"
"256","232","Tobias Harris, SF","Orlando Magic","$2,380,594"
"257","233","Meyers Leonard, PF","Portland Trail Blazers","$2,317,920"
"258","234","Michael Carter-Williams, PG","Philadelphia 76ers","$2,300,040"
"259","235","Doug McDermott, SF","Chicago Bulls","$2,277,960"
"260","236","Kenneth Faried, PF","Denver Nuggets","$2,249,768"
"261","237","Nick Collison, PF","Oklahoma City Thunder","$2,242,003"
"262","238","Brendan Haywood, C","Cleveland Cavaliers","$2,213,668"
"263","239","Reggie Jackson, PG","Oklahoma City Thunder","$2,204,369"
"264","240","Jeremy Lamb, SG","Oklahoma City Thunder","$2,202,000"
"265","RK","NAME","TEAM","SALARY"
"266","241","Steven Adams, C","Oklahoma City Thunder","$2,184,960"
"267","242","Vitor Faverani, C","Boston Celtics","$2,090,000"
"268","243","Ramon Sessions, PG","Washington Wizards","$2,077,000"
"269","244","Beno Udrih, PG","Memphis Grizzlies","$2,077,000"
"270","245","Josh Smith, C","Houston Rockets","$2,077,000"
"271","246","C.J. Watson, PG","Indiana Pacers","$2,077,000"
"272","247","Aron Baynes, C","San Antonio Spurs","$2,077,000"
"273","248","Kelly Olynyk, C","Boston Celtics","$2,075,760"
"274","249","Zach LaVine, PG","Minnesota Timberwolves","$2,055,840"
"275","250","Norris Cole, PG","Miami Heat","$2,038,206"
"276","RK","NAME","TEAM","SALARY"
"277","251","Cory Joseph, PG","San Antonio Spurs","$2,023,261"
"278","252","Jimmy Butler, SG","Chicago Bulls","$2,008,748"
"279","253","DeJuan Blair, C","Washington Wizards","$2,000,000"
"280","254","John Salmons, SF","New Orleans Pelicans","$2,000,000"
"281","255","Kent Bazemore, SF","Atlanta Hawks","$2,000,000"
"282","256","John Henson, PF","Milwaukee Bucks","$1,987,320"
"283","257","Shabazz Muhammad, SF","Minnesota Timberwolves","$1,971,960"
"284","258","T.J. Warren, SF","Phoenix Suns","$1,953,120"
"285","259","Maurice Harkless, SF","Orlando Magic","$1,887,840"
"286","260","Giannis Antetokounmpo, SF","Milwaukee Bucks","$1,873,200"
"287","RK","NAME","TEAM","SALARY"
"288","261","Adreian Payne, PF","Minnesota Timberwolves","$1,855,320"
"289","262","Jeff Ayres, PF","San Antonio Spurs","$1,828,750"
"290","263","Anthony Randolph, SF","Orlando Magic","$1,825,359"
"291","264","Jeremy Evans, SF","Utah Jazz","$1,794,871"
"292","265","Joffrey Lauvergne, C","Denver Nuggets","$1,790,281"
"293","266","Reggie Evans, C","Sacramento Kings","$1,768,653"
"294","267","Lucas Nogueira, C","Toronto Raptors","$1,762,680"
"295","268","Jusuf Nurkic, C","Denver Nuggets","$1,762,680"
"296","269","Luigi Datome, SF","Detroit Pistons","$1,750,000"
"297","270","Zoran Dragic, SG","Phoenix Suns","$1,706,225"
"298","RK","NAME","TEAM","SALARY"
"299","271","Tyler Zeller, C","Boston Celtics","$1,703,760"
"300","272","Dennis Schroder, PG","Atlanta Hawks","$1,690,680"
"301","273","James Young, SG","Boston Celtics","$1,674,480"
"302","274","Pablo Prigioni, PG","New York Knicks","$1,662,961"
"303","275","Ryan Kelly, PF","Los Angeles Lakers","$1,650,000"
"304","276","Terrence Jones, PF","Houston Rockets","$1,618,680"
"305","277","Shane Larkin, PG","New York Knicks","$1,606,080"
"306","278","Tyler Ennis, PG","Phoenix Suns","$1,590,720"
"307","279","Andrew Nicholson, PF","Orlando Magic","$1,545,840"
"308","280","Sergey Karasev, SG","Brooklyn Nets","$1,533,840"
"309","RK","NAME","TEAM","SALARY"
"310","281","Gary Harris, SG","Denver Nuggets","$1,519,200"
"311","282","Ronny Turiaf, C","Minnesota Timberwolves","$1,500,000"
"312","283","Miroslav Raduljica, C","Minnesota Timberwolves","$1,500,000"
"313","284","Evan Fournier, SF","Orlando Magic","$1,483,920"
"314","285","Donatas Motiejunas, PF","Houston Rockets","$1,483,920"
"315","286","Tony Snell, SF","Chicago Bulls","$1,472,400"
"316","287","Bruno Caboclo, SF","Toronto Raptors","$1,458,360"
"317","288","Scotty Hopson, SG","Sacramento Kings","$1,450,878"
"318","289","Willie Green, SG","Orlando Magic","$1,448,490"
"319","290","Lamar Odom, PF","New York Knicks","$1,448,490"
"320","RK","NAME","TEAM","SALARY"
"321","291","Mike James, PG","Chicago Bulls","$1,448,490"
"322","292","Jared Sullinger, C","Boston Celtics","$1,424,520"
"323","293","Gorgui Dieng, C","Minnesota Timberwolves","$1,413,480"
"324","294","Mitch McGary, PF","Oklahoma City Thunder","$1,400,040"
"325","295","Victor Claver, PF","Portland Trail Blazers","$1,370,000"
"326","296","Mason Plumlee, C","Brooklyn Nets","$1,357,080"
"327","297","Jordan Adams, SG","Memphis Grizzlies","$1,344,120"
"328","298","Melvin Ely, C","Washington Wizards","$1,316,809"
"329","299","John Jenkins, SG","Atlanta Hawks","$1,312,920"
"330","300","Josh Powell, PF","Milwaukee Bucks","$1,310,286"
"331","RK","NAME","TEAM","SALARY"
"332","301","Ronnie Brewer, SF","Chicago Bulls","$1,310,286"
"333","302","Solomon Hill, SF","Indiana Pacers","$1,302,840"
"334","303","Rodney Hood, SG","Utah Jazz","$1,290,360"
"335","304","Alan Anderson, SG","Brooklyn Nets","$1,276,061"
"336","305","Tim Hardaway Jr., SG","New York Knicks","$1,250,640"
"337","306","Hasheem Thabeet, C","Detroit Pistons","$1,250,000"
"338","307","Pero Antic, PF","Atlanta Hawks","$1,250,000"
"339","308","Shabazz Napier, PG","Miami Heat","$1,238,640"
"340","309","Aaron Gray, C","Detroit Pistons","$1,227,985"
"341","310","Shawne Williams, SF","Miami Heat","$1,227,985"
"342","RK","NAME","TEAM","SALARY"
"343","311","Shavlik Randolph, PF","Phoenix Suns","$1,227,985"
"344","312","Tony Wroten, SG","Philadelphia 76ers","$1,210,080"
"345","313","Reggie Bullock, SF","Phoenix Suns","$1,200,720"
"346","314","Clint Capela, C","Houston Rockets","$1,189,200"
"347","315","Miles Plumlee, C","Phoenix Suns","$1,169,880"
"348","316","Andre Roberson, SG","Oklahoma City Thunder","$1,160,880"
"349","317","P.J. Hairston, SF","Charlotte Hornets","$1,149,720"
"350","318","Brandon Rush, SG","Golden State Warriors","$1,145,685"
"351","319","Hilton Armstrong, PF","Golden State Warriors","$1,145,685"
"352","320","Cartier Martin, PF","Detroit Pistons","$1,145,685"
"353","RK","NAME","TEAM","SALARY"
"354","321","Arnett Moultrie, PF","New York Knicks","$1,136,160"
"355","322","Perry Jones, SF","Oklahoma City Thunder","$1,129,200"
"356","323","Rudy Gobert, C","Utah Jazz","$1,127,400"
"357","324","Marquis Teague, PG","Philadelphia 76ers","$1,120,920"
"358","325","Festus Ezeli, C","Golden State Warriors","$1,112,880"
"359","326","Archie Goodwin, SG","Phoenix Suns","$1,112,280"
"360","327","C.J. Wilcox, SG","Los Angeles Clippers","$1,109,760"
"361","328","Nemanja Nedovic, PG","Golden State Warriors","$1,104,240"
"362","329","Damjan Rudez, SF","Indiana Pacers","$1,100,000"
"363","330","Kyle Anderson, SF","San Antonio Spurs","$1,093,680"
"364","RK","NAME","TEAM","SALARY"
"365","331","Kyle Singler, SF","Oklahoma City Thunder","$1,090,000"
"366","332","Xavier Henry, SG","Los Angeles Lakers","$1,082,000"
"367","333","Robert Covington, SF","Philadelphia 76ers","$1,000,000"
"368","334","Garrett Temple, SG","Washington Wizards","$981,084"
"369","335","Ed Davis, C","Los Angeles Lakers","$981,084"
"370","336","Al-Farouq Aminu, SF","Dallas Mavericks","$981,084"
"371","337","Luke Babbitt, SF","New Orleans Pelicans","$981,084"
"372","338","Alexis Ajinca, C","New Orleans Pelicans","$981,084"
"373","339","Jon Leuer, PF","Memphis Grizzlies","$967,500"
"374","340","Josh Harrellson, C","Washington Wizards","$948,163"
"375","RK","NAME","TEAM","SALARY"
"376","341","Joey Dorsey, PF","Houston Rockets","$948,163"
"377","342","Donald Sloan, PG","Indiana Pacers","$948,163"
"378","343","Jeremy Tyler, C","Houston Rockets","$948,163"
"379","344","E'Twaun Moore, SG","Chicago Bulls","$948,163"
"380","345","Ryan Hollins, C","Sacramento Kings","$915,243"
"381","346","Drew Gooden, PF","Washington Wizards","$915,243"
"382","347","Cole Aldrich, C","New York Knicks","$915,243"
"383","348","Jason Maxiell, PF","Charlotte Hornets","$915,243"
"384","349","Jannero Pargo, PG","Charlotte Hornets","$915,243"
"385","350","Jeff Taylor, SF","Charlotte Hornets","$915,243"
"386","RK","NAME","TEAM","SALARY"
"387","351","Rasual Butler, SF","Washington Wizards","$915,243"
"388","352","Matt Bonner, C","San Antonio Spurs","$915,243"
"389","353","Sebastian Telfair, PG","Oklahoma City Thunder","$915,243"
"390","354","Ronnie Price, PG","Los Angeles Lakers","$915,243"
"391","355","Shawn Marion, SG","Cleveland Cavaliers","$915,243"
"392","356","Jae Crowder, SF","Dallas Mavericks","$915,243"
"393","357","J.J. Barea, PG","Dallas Mavericks","$909,859"
"394","358","Devyn Marble, SF","Orlando Magic","$884,879"
"395","359","Jerami Grant, SF","Philadelphia 76ers","$884,879"
"396","360","Joe Harris, SG","Cleveland Cavaliers","$884,879"
"397","RK","NAME","TEAM","SALARY"
"398","361","Robbie Hummel, SF","Minnesota Timberwolves","$880,000"
"399","362","Allen Crabbe, SF","Portland Trail Blazers","$862,000"
"400","363","Ish Smith, PG","Oklahoma City Thunder","$861,405"
"401","364","Damien Inglis, SF","Milwaukee Bucks","$820,000"
"402","365","Isaiah Canaan, PG","Philadelphia 76ers","$816,842"
"403","366","Glen Rice Jr., SG","Washington Wizards","$816,482"
"404","367","Tony Mitchell, PF","Golden State Warriors","$816,482"
"405","368","Troy Daniels, SG","Charlotte Hornets","$816,482"
"406","369","Peyton Siva, PG","Orlando Magic","$816,482"
"407","370","Phil Pressey, PG","Boston Celtics","$816,482"
"408","RK","NAME","TEAM","SALARY"
"409","371","Ray McCallum, PG","Sacramento Kings","$816,482"
"410","372","Carrick Felix, SG","Utah Jazz","$816,482"
"411","373","Nick Calathes, SG","Memphis Grizzlies","$816,482"
"412","374","Jeff Withey, C","New Orleans Pelicans","$816,482"
"413","375","Mike Muscala, PF","Atlanta Hawks","$816,482"
"414","376","Erik Jay Murphy, PF","Boston Celtics","$816,482"
"415","377","Justin Holiday, SG","Golden State Warriors","$816,482"
"416","378","Hassan Whiteside, C","Miami Heat","$769,881"
"417","379","Jeff Adrien, SF","Minnesota Timberwolves","$742,962"
"418","380","Jarnell Stokes, PF","Memphis Grizzlies","$725,000"
"419","RK","NAME","TEAM","SALARY"
"420","381","Dante Cunningham, PF","New Orleans Pelicans","$716,043"
"421","382","Malcolm Lee, SG","Philadelphia 76ers","$710,659"
"422","383","Darius Morris, PG","Brooklyn Nets","$702,756"
"423","384","Spencer Dinwiddie, PG","Detroit Pistons","$700,000"
"424","385","Malcolm Thomas, PF","Philadelphia 76ers","$635,827"
"425","386","Gal Mekel, PG","New Orleans Pelicans","$633,974"
"426","387","Johnny O'Bryant III, PF","Milwaukee Bucks","$600,000"
"427","388","JaKarr Sampson, SG","Philadelphia 76ers","$507,336"
"428","389","Pierre Jackson, PG","Philadelphia 76ers","$507,336"
"429","390","Sim Bhullar, C","Sacramento Kings","$507,336"
"430","RK","NAME","TEAM","SALARY"
"431","391","James Ennis, SF","Miami Heat","$507,336"
"432","392","Russ Smith, PG","Memphis Grizzlies","$507,336"
"433","393","Cory Jefferson, PF","Brooklyn Nets","$507,336"
"434","394","Patric Young, PF","New Orleans Pelicans","$507,336"
"435","395","Will Cherry, PG","Cleveland Cavaliers","$495,399"
"436","396","Kalin Lucas, PG","Memphis Grizzlies","$486,446"
"437","397","Drew Gordon, C","Philadelphia 76ers","$468,540"
"438","398","Kenyon Martin, PF","Milwaukee Bucks","$414,551"
"439","399","Lou Amundson, PF","New York Knicks","$409,167"
"440","400","Lance Thomas, SF","Oklahoma City Thunder","$403,784"
"441","RK","NAME","TEAM","SALARY"
"442","401","Dahntay Jones, SG","Los Angeles Clippers","$387,632"
"443","402","Patrick Christopher, SG","Utah Jazz","$379,010"
"444","403","Ronald Roberts Jr., PF","Toronto Raptors","$373,041"
"445","404","Reggie Williams, SF","San Antonio Spurs","$344,036"
"446","405","Amar'e Stoudemire, PF","New York Knicks","$306,876"
"447","406","Lorenzo Brown, PG","Minnesota Timberwolves","$283,367"
"448","407","Kendrick Perkins, C","Oklahoma City Thunder","$274,573"
"449","408","John Lucas III, PG","Detroit Pistons","$269,189"
"450","409","Elijah Millsap, SG","Utah Jazz","$241,731"
"451","410","Bernard James, C","Dallas Mavericks","$236,886"
"452","RK","NAME","TEAM","SALARY"
"453","411","Langston Galloway, SG","New York Knicks","$235,762"
"454","412","Tyler Johnson, SG","Miami Heat","$199,950"
"455","413","Henry Walker, SF","Miami Heat","$196,217"
"456","414","Michael Beasley, SF","Miami Heat","$195,440"
"457","415","Quincy Miller, SF","Sacramento Kings","$183,049"
"458","416","Earl Barron, C","Phoenix Suns","$183,049"
"459","417","James Michael McAdoo, SF","Golden State Warriors","$167,122"
"460","418","Jordan Hamilton, SG","Los Angeles Clippers","$150,591"
"461","419","JaMychal Green, PF","Memphis Grizzlies","$134,295"
"462","420","Elliot Williams, SG","Utah Jazz","$107,676"
"463","RK","NAME","TEAM","SALARY"
"464","421","Toney Douglas, PG","New Orleans Pelicans","$107,676"
"465","422","Chris Johnson, SF","Utah Jazz","$107,676"
"466","423","Nate Robinson, PG","Los Angeles Clippers","$107,676"
"467","424","Toure' Murry, SF","Washington Wizards","$96,056"
"468","425","Jorge Gutierrez, PG","Brooklyn Nets","$96,056"
"469","426","Bryce Cotton, PG","Utah Jazz","$92,514"
"470","427","Jabari Brown, SG","Los Angeles Lakers","$59,686"
"471","428","Tim Frazier, PG","Portland Trail Blazers","$59,686"
"472","429","Jack Cooley, SF","Utah Jazz","$59,686"
"473","430","Tyrus Thomas, PF","Memphis Grizzlies","$53,838"
"474","RK","NAME","TEAM","SALARY"
"475","431","A.J. Price, PG","Phoenix Suns","$53,838"
"476","432","Austin Daye, SF","San Antonio Spurs","$53,838"
"477","433","Seth Curry, SG","Phoenix Suns","$48,028"
"478","434","Ricky Ledo, SG","New York Knicks","$48,028"
"479","435","Andre Dawkins, SG","Miami Heat","$29,843"
"480","436","David Stockton, PG","Sacramento Kings","$29,483"
