value_1,link_1,link_1/_text,link_1/_title,value_2,content,link_2,link_2/_text,link_2/_title,value_3,value_3_prices
"RK","","","","NAME","TEAM","","","","SALARY",""
"321","http://espn.go.com/nba/player/_/id/6612/arnett-moultrie","Arnett Moultrie","",", PF","New York Knicks","http://espn.go.com/nba/team/_/name/ny/new-york-knicks","New York Knicks","","$1,136,160","1136160"
"322","http://espn.go.com/nba/player/_/id/6598/perry-jones","Perry Jones","",", SF","Oklahoma City Thunder","http://espn.go.com/nba/team/_/name/okc/oklahoma-city-thunder","Oklahoma City Thunder","","$1,129,200","1129200"
"323","http://espn.go.com/nba/player/_/id/3032976/rudy-gobert","Rudy Gobert","",", C","Utah Jazz","http://espn.go.com/nba/team/_/name/utah/utah-jazz","Utah Jazz","","$1,127,400","1127400"
"324","http://espn.go.com/nba/player/_/id/6626/marquis-teague","Marquis Teague","",", PG","Philadelphia 76ers","http://espn.go.com/nba/team/_/name/phi/philadelphia-76ers","Philadelphia 76ers","","$1,120,920","1120920"
"325","http://espn.go.com/nba/player/_/id/6587/festus-ezeli","Festus Ezeli","",", C","Golden State Warriors","http://espn.go.com/nba/team/_/name/gs/golden-state-warriors","Golden State Warriors","","$1,112,880","1112880"
"326","http://espn.go.com/nba/player/_/id/2991281/archie-goodwin","Archie Goodwin","",", SG","Phoenix Suns","http://espn.go.com/nba/team/_/name/phx/phoenix-suns","Phoenix Suns","","$1,112,280","1112280"
"327","http://espn.go.com/nba/player/_/id/2488999/c.j.-wilcox","C.J. Wilcox","",", SG","Los Angeles Clippers","http://espn.go.com/nba/team/_/name/lac/los-angeles-clippers","Los Angeles Clippers","","$1,109,760","1109760"
"328","http://espn.go.com/nba/player/_/id/2959736/nemanja-nedovic","Nemanja Nedovic","",", PG","Golden State Warriors","http://espn.go.com/nba/team/_/name/gs/golden-state-warriors","Golden State Warriors","","$1,104,240","1104240"
"329","http://espn.go.com/nba/player/_/id/2309097/damjan-rudez","Damjan Rudez","",", SF","Indiana Pacers","http://espn.go.com/nba/team/_/name/ind/indiana-pacers","Indiana Pacers","","$1,100,000","1100000"
"330","http://espn.go.com/nba/player/_/id/2993874/kyle-anderson","Kyle Anderson","",", SF","San Antonio Spurs","http://espn.go.com/nba/team/_/name/sa/san-antonio-spurs","San Antonio Spurs","","$1,093,680","1093680"
"RK","","","","NAME","TEAM","","","","SALARY",""
"331","http://espn.go.com/nba/player/_/id/6469/kyle-singler","Kyle Singler","",", SF","Oklahoma City Thunder","http://espn.go.com/nba/team/_/name/okc/oklahoma-city-thunder","Oklahoma City Thunder","","$1,090,000","1090000"
"332","http://espn.go.com/nba/player/_/id/4241/xavier-henry","Xavier Henry","",", SG","Los Angeles Lakers","http://espn.go.com/nba/team/_/name/lal/los-angeles-lakers","Los Angeles Lakers","","$1,082,000","1082000"
"333","http://espn.go.com/nba/player/_/id/2490620/robert-covington","Robert Covington","",", SF","Philadelphia 76ers","http://espn.go.com/nba/team/_/name/phi/philadelphia-76ers","Philadelphia 76ers","","$1,000,000","1000000"
"334","http://espn.go.com/nba/player/_/id/4023/garrett-temple","Garrett Temple","",", SG","Washington Wizards","http://espn.go.com/nba/team/_/name/wsh/washington-wizards","Washington Wizards","","$981,084","981084"
"335","http://espn.go.com/nba/player/_/id/4259/ed-davis","Ed Davis","",", C","Los Angeles Lakers","http://espn.go.com/nba/team/_/name/lal/los-angeles-lakers","Los Angeles Lakers","","$981,084","981084"
"336","http://espn.go.com/nba/player/_/id/4248/al-farouq-aminu","Al-Farouq Aminu","",", SF","Dallas Mavericks","http://espn.go.com/nba/team/_/name/dal/dallas-mavericks","Dallas Mavericks","","$981,084","981084"
"337","http://espn.go.com/nba/player/_/id/4250/luke-babbitt","Luke Babbitt","",", SF","New Orleans Pelicans","http://espn.go.com/nba/team/_/name/no/new-orleans-pelicans","New Orleans Pelicans","","$981,084","981084"
"338","http://espn.go.com/nba/player/_/id/3410/alexis-ajinca","Alexis Ajinca","",", C","New Orleans Pelicans","http://espn.go.com/nba/team/_/name/no/new-orleans-pelicans","New Orleans Pelicans","","$981,084","981084"
"339","http://espn.go.com/nba/player/_/id/6452/jon-leuer","Jon Leuer","",", PF","Memphis Grizzlies","http://espn.go.com/nba/team/_/name/mem/memphis-grizzlies","Memphis Grizzlies","","$967,500","967500"
"340","http://espn.go.com/nba/player/_/id/6439/josh-harrellson","Josh Harrellson","",", C","Washington Wizards","http://espn.go.com/nba/team/_/name/wsh/washington-wizards","Washington Wizards","","$948,163","948163"
"RK","","","","NAME","TEAM","","","","SALARY",""
"341","http://espn.go.com/nba/player/_/id/3421/joey-dorsey","Joey Dorsey","",", PF","Houston Rockets","http://espn.go.com/nba/team/_/name/hou/houston-rockets","Houston Rockets","","$948,163","948163"
"342","http://espn.go.com/nba/player/_/id/4303/donald-sloan","Donald Sloan","",", PG","Indiana Pacers","http://espn.go.com/nba/team/_/name/ind/indiana-pacers","Indiana Pacers","","$948,163","948163"
"343","http://espn.go.com/nba/player/_/id/6476/jeremy-tyler","Jeremy Tyler","",", C","Houston Rockets","http://espn.go.com/nba/team/_/name/hou/houston-rockets","Houston Rockets","","$948,163","948163"
"344","http://espn.go.com/nba/player/_/id/6460/e'twaun-moore","E'Twaun Moore","",", SG","Chicago Bulls","http://espn.go.com/nba/team/_/name/chi/chicago-bulls","Chicago Bulls","","$948,163","948163"
"345","http://espn.go.com/nba/player/_/id/3008/ryan-hollins","Ryan Hollins","",", C","Sacramento Kings","http://espn.go.com/nba/team/_/name/sac/sacramento-kings","Sacramento Kings","","$915,243","915243"
"346","http://espn.go.com/nba/player/_/id/1711/drew-gooden","Drew Gooden","",", PF","Washington Wizards","http://espn.go.com/nba/team/_/name/wsh/washington-wizards","Washington Wizards","","$915,243","915243"
"347","http://espn.go.com/nba/player/_/id/4267/cole-aldrich","Cole Aldrich","",", C","New York Knicks","http://espn.go.com/nba/team/_/name/ny/new-york-knicks","New York Knicks","","$915,243","915243"
"348","http://espn.go.com/nba/player/_/id/2775/jason-maxiell","Jason Maxiell","",", PF","Charlotte Hornets","http://espn.go.com/nba/team/_/name/cha/charlotte-hornets","Charlotte Hornets","","$915,243","915243"
"349","http://espn.go.com/nba/player/_/id/1821/jannero-pargo","Jannero Pargo","",", PG","Charlotte Hornets","http://espn.go.com/nba/team/_/name/cha/charlotte-hornets","Charlotte Hornets","","$915,243","915243"
"350","http://espn.go.com/nba/player/_/id/6156/jeff-taylor","Jeff Taylor","",", SF","Charlotte Hornets","http://espn.go.com/nba/team/_/name/cha/charlotte-hornets","Charlotte Hornets","","$915,243","915243"
"RK","","","","NAME","TEAM","","","","SALARY",""
"351","http://espn.go.com/nba/player/_/id/1767/rasual-butler","Rasual Butler","",", SF","Washington Wizards","http://espn.go.com/nba/team/_/name/wsh/washington-wizards","Washington Wizards","","$915,243","915243"
"352","http://espn.go.com/nba/player/_/id/1996/matt-bonner","Matt Bonner","",", C","San Antonio Spurs","http://espn.go.com/nba/team/_/name/sa/san-antonio-spurs","San Antonio Spurs","","$915,243","915243"
"353","http://espn.go.com/nba/player/_/id/2417/sebastian-telfair","Sebastian Telfair","",", PG","Oklahoma City Thunder","http://espn.go.com/nba/team/_/name/okc/oklahoma-city-thunder","Oklahoma City Thunder","","$915,243","915243"
"354","http://espn.go.com/nba/player/_/id/2807/ronnie-price","Ronnie Price","",", PG","Los Angeles Lakers","http://espn.go.com/nba/team/_/name/lal/los-angeles-lakers","Los Angeles Lakers","","$915,243","915243"
"355","http://espn.go.com/nba/player/_/id/510/shawn-marion","Shawn Marion","",", SG","Cleveland Cavaliers","http://espn.go.com/nba/team/_/name/cle/cleveland-cavaliers","Cleveland Cavaliers","","$915,243","915243"
"356","http://espn.go.com/nba/player/_/id/6581/jae-crowder","Jae Crowder","",", SF","Dallas Mavericks","http://espn.go.com/nba/team/_/name/dal/dallas-mavericks","Dallas Mavericks","","$915,243","915243"
"357","http://espn.go.com/nba/player/_/id/3055/j.j.-barea","J.J. Barea","",", PG","Dallas Mavericks","http://espn.go.com/nba/team/_/name/dal/dallas-mavericks","Dallas Mavericks","","$909,859","909859"
"358","http://espn.go.com/nba/player/_/id/2527968/devyn-marble","Devyn Marble","",", SF","Orlando Magic","http://espn.go.com/nba/team/_/name/orl/orlando-magic","Orlando Magic","","$884,879","884879"
"359","http://espn.go.com/nba/player/_/id/2991070/jerami-grant","Jerami Grant","",", SF","Philadelphia 76ers","http://espn.go.com/nba/team/_/name/phi/philadelphia-76ers","Philadelphia 76ers","","$884,879","884879"
"360","http://espn.go.com/nba/player/_/id/2528794/joe-harris","Joe Harris","",", SG","Cleveland Cavaliers","http://espn.go.com/nba/team/_/name/cle/cleveland-cavaliers","Cleveland Cavaliers","","$884,879","884879"